{"coco/AP": 0.7310340443818325, "coco/AP .5": 1.0, "coco/AP .75": 0.96982555398397, "coco/AP (M)": -1.0, "coco/AP (L)": 0.7310340443818325, "coco/AR": 0.7738095238095237, "coco/AR .5": 1.0, "coco/AR .75": 0.9761904761904762, "coco/AR (M)": -1.0, "coco/AR (L)": 0.7738095238095237, "PCK": 0.971655328798186, "AUC": 0.13520408163265307, "NME": 0.040468497070866104, "data_time": 1.5229498545328777, "time": 1.5547182162602742}