{"coco/bbox_mAP": 0.683, "coco/bbox_mAP_50": 0.788, "coco/bbox_mAP_75": 0.761, "coco/bbox_mAP_s": 0.0, "coco/bbox_mAP_m": 0.354, "coco/bbox_mAP_l": 0.807, "data_time": 10.51017427444458, "time": 16.343789498011272}