{"coco/bbox_mAP": 0.811, "coco/bbox_mAP_50": 0.965, "coco/bbox_mAP_75": 0.965, "coco/bbox_mAP_s": -1.0, "coco/bbox_mAP_m": -1.0, "coco/bbox_mAP_l": 0.811, "data_time": 0.522791407325051, "time": 0.5779332247647372}